"GEO_ID","NAME","B19013_001E","B19013_001M",
"Geography","Geographic Area Name","Estimate!!Median household income in the past 12 months (in 2024 inflation-adjusted dollars)","Margin of Error!!Median household income in the past 12 months (in 2024 inflation-adjusted dollars)",
"1400000US48201100001","Census Tract 1000.01; Harris County; Texas","102588","26243",
"1400000US48201210400","Census Tract 2104; Harris County; Texas","54004","10317",
"1400000US48201210500","Census Tract 2105; Harris County; Texas","55337","16392",
"1400000US48201210600","Census Tract 2106; Harris County; Texas","83618","17530",
"1400000US48201210700","Census Tract 2107; Harris County; Texas","61161","9728",
"1400000US48201210800","Census Tract 2108; Harris County; Texas","40561","4680",
"1400000US48201210900","Census Tract 2109; Harris County; Texas","45599","15724",
"1400000US48201211000","Census Tract 2110; Harris County; Texas","26563","15401",
"1400000US48201211101","Census Tract 2111.01; Harris County; Texas","41784","3392",
"1400000US48201211102","Census Tract 2111.02; Harris County; Texas","29750","9324",
"1400000US48201211200","Census Tract 2112; Harris County; Texas","30833","13164",
"1400000US48201211301","Census Tract 2113.01; Harris County; Texas","35208","12484",
"1400000US48201211302","Census Tract 2113.02; Harris County; Texas","32804","20580",
"1400000US48201211400","Census Tract 2114; Harris County; Texas","77773","18552",
"1400000US48201211501","Census Tract 2115.01; Harris County; Texas","38641","16706",
"1400000US48201211502","Census Tract 2115.02; Harris County; Texas","57063","24594",
"1400000US48201211600","Census Tract 2116; Harris County; Texas","49485","14054",
"1400000US48201211700","Census Tract 2117; Harris County; Texas","49508","26997",
"1400000US48201211900","Census Tract 2119; Harris County; Texas","49202","5733",
"1400000US48201212300","Census Tract 2123; Harris County; Texas","65176","22894",
"1400000US48201212400","Census Tract 2124; Harris County; Texas","42344","8189",
"1400000US48201212500","Census Tract 2125; Harris County; Texas","56250","10442",
"1400000US48201220100","Census Tract 2201; Harris County; Texas","50417","22781",
"1400000US48201220200","Census Tract 2202; Harris County; Texas","66167","32708",
"1400000US48201220300","Census Tract 2203; Harris County; Texas","49536","18056",
"1400000US48201220400","Census Tract 2204; Harris County; Texas","56200","41119",
"1400000US48201220500","Census Tract 2205; Harris County; Texas","24835","10331",
"1400000US48201220600","Census Tract 2206; Harris County; Texas","-","**",
"1400000US48201220701","Census Tract 2207.01; Harris County; Texas","59821","17141",
"1400000US48201220702","Census Tract 2207.02; Harris County; Texas","29853","13032",
"1400000US48201220800","Census Tract 2208; Harris County; Texas","32955","8826",
"1400000US48201220900","Census Tract 2209; Harris County; Texas","23083","6024",
"1400000US48201221000","Census Tract 2210; Harris County; Texas","34574","10343",
"1400000US48201221100","Census Tract 2211; Harris County; Texas","73110","30198",
"1400000US48201221200","Census Tract 2212; Harris County; Texas","47390","9941",
"1400000US48201221301","Census Tract 2213.01; Harris County; Texas","69180","11427",
"1400000US48201221302","Census Tract 2213.02; Harris County; Texas","52739","20628",
"1400000US48201221400","Census Tract 2214; Harris County; Texas","32690","6535",
"1400000US48201221501","Census Tract 2215.01; Harris County; Texas","42054","24734",
"1400000US48201221502","Census Tract 2215.02; Harris County; Texas","35636","14416",
"1400000US48201221601","Census Tract 2216.01; Harris County; Texas","69133","24000",
"1400000US48201221602","Census Tract 2216.02; Harris County; Texas","69063","9575",
"1400000US48201221701","Census Tract 2217.01; Harris County; Texas","67326","50289",
"1400000US48201221702","Census Tract 2217.02; Harris County; Texas","38811","11224",
"1400000US48201221800","Census Tract 2218; Harris County; Texas","58540","5777",
"1400000US48201221900","Census Tract 2219; Harris County; Texas","59154","19407",
"1400000US48201222000","Census Tract 2220; Harris County; Texas","40598","11366",
"1400000US48201222100","Census Tract 2221; Harris County; Texas","69342","22347",
"1400000US48201222200","Census Tract 2222; Harris County; Texas","55357","45815",
"1400000US48201222300","Census Tract 2223; Harris County; Texas","39314","8446",
"1400000US48201222401","Census Tract 2224.01; Harris County; Texas","45565","20747",
"1400000US48201222402","Census Tract 2224.02; Harris County; Texas","48260","11209",
"1400000US48201222501","Census Tract 2225.01; Harris County; Texas","54353","17464",
"1400000US48201222502","Census Tract 2225.02; Harris County; Texas","52594","19731",
"1400000US48201222504","Census Tract 2225.04; Harris County; Texas","36968","4013",
"1400000US48201222505","Census Tract 2225.05; Harris County; Texas","75994","9587",
"1400000US48201222601","Census Tract 2226.01; Harris County; Texas","31607","22706",
"1400000US48201222602","Census Tract 2226.02; Harris County; Texas","31483","6496",
"1400000US48201222701","Census Tract 2227.01; Harris County; Texas","19739","19084",
"1400000US48201222702","Census Tract 2227.02; Harris County; Texas","22941","11083",
"1400000US48201222800","Census Tract 2228; Harris County; Texas","38514","14160",
"1400000US48201222900","Census Tract 2229; Harris County; Texas","48733","26413",
"1400000US48201223001","Census Tract 2230.01; Harris County; Texas","69821","26553",
"1400000US48201223002","Census Tract 2230.02; Harris County; Texas","44201","10241",
"1400000US48201223100","Census Tract 2231; Harris County; Texas","66250","31431",
"1400000US48201230100","Census Tract 2301; Harris County; Texas","51389","19556",
"1400000US48201230200","Census Tract 2302; Harris County; Texas","37500","8900",
"1400000US48201230300","Census Tract 2303; Harris County; Texas","50521","7695",
"1400000US48201230400","Census Tract 2304; Harris County; Texas","59952","29557",
"1400000US48201230500","Census Tract 2305; Harris County; Texas","34103","17237",
"1400000US48201230600","Census Tract 2306; Harris County; Texas","44265","6072",
"1400000US48201230700","Census Tract 2307; Harris County; Texas","41715","9918",
"1400000US48201230800","Census Tract 2308; Harris County; Texas","41083","12392",
"1400000US48201230900","Census Tract 2309; Harris County; Texas","28250","11092",
"1400000US48201231000","Census Tract 2310; Harris County; Texas","52500","18137",
"1400000US48201231100","Census Tract 2311; Harris County; Texas","41360","11100",
"1400000US48201231200","Census Tract 2312; Harris County; Texas","28229","8897",
"1400000US48201231300","Census Tract 2313; Harris County; Texas","45417","13145",
"1400000US48201231400","Census Tract 2314; Harris County; Texas","49535","8016",
"1400000US48201231500","Census Tract 2315; Harris County; Texas","50104","16637",
"1400000US48201231600","Census Tract 2316; Harris County; Texas","36912","11409",
"1400000US48201231700","Census Tract 2317; Harris County; Texas","53157","8773",
"1400000US48201231800","Census Tract 2318; Harris County; Texas","57136","4595",
"1400000US48201231900","Census Tract 2319; Harris County; Texas","35976","13382",
"1400000US48201232000","Census Tract 2320; Harris County; Texas","43594","9871",
"1400000US48201232100","Census Tract 2321; Harris County; Texas","42262","6510",
"1400000US48201232201","Census Tract 2322.01; Harris County; Texas","46602","22626",
"1400000US48201232202","Census Tract 2322.02; Harris County; Texas","157120","62469",
"1400000US48201232203","Census Tract 2322.03; Harris County; Texas","73328","5135",
"1400000US48201232303","Census Tract 2323.03; Harris County; Texas","52446","28581",
"1400000US48201232304","Census Tract 2323.04; Harris County; Texas","39548","9519",
"1400000US48201232305","Census Tract 2323.05; Harris County; Texas","66988","23930",
"1400000US48201232306","Census Tract 2323.06; Harris County; Texas","64439","35780",
"1400000US48201232402","Census Tract 2324.02; Harris County; Texas","49375","31421",
"1400000US48201232403","Census Tract 2324.03; Harris County; Texas","54475","14095",
"1400000US48201232404","Census Tract 2324.04; Harris County; Texas","52123","42481",
"1400000US48201232405","Census Tract 2324.05; Harris County; Texas","61615","7986",
"1400000US48201232500","Census Tract 2325; Harris County; Texas","44481","11140",
"1400000US48201232600","Census Tract 2326; Harris County; Texas","70764","8206",
"1400000US48201232701","Census Tract 2327.01; Harris County; Texas","39069","8406",
"1400000US48201232703","Census Tract 2327.03; Harris County; Texas","51250","20478",
"1400000US48201232704","Census Tract 2327.04; Harris County; Texas","50417","15173",
"1400000US48201232801","Census Tract 2328.01; Harris County; Texas","69635","8194",
"1400000US48201232802","Census Tract 2328.02; Harris County; Texas","63429","4420",
"1400000US48201232901","Census Tract 2329.01; Harris County; Texas","53601","20685",
"1400000US48201232902","Census Tract 2329.02; Harris County; Texas","69922","17245",
"1400000US48201233001","Census Tract 2330.01; Harris County; Texas","44594","14622",
"1400000US48201233002","Census Tract 2330.02; Harris County; Texas","71736","26214",
"1400000US48201233003","Census Tract 2330.03; Harris County; Texas","68393","12254",
"1400000US48201233101","Census Tract 2331.01; Harris County; Texas","53390","3403",
"1400000US48201233103","Census Tract 2331.03; Harris County; Texas","46522","5184",
"1400000US48201233104","Census Tract 2331.04; Harris County; Texas","44635","12359",
"1400000US48201233105","Census Tract 2331.05; Harris County; Texas","44508","17513",
"1400000US48201233200","Census Tract 2332; Harris County; Texas","60774","8217",
"1400000US48201233300","Census Tract 2333; Harris County; Texas","61282","20010",
"1400000US48201233400","Census Tract 2334; Harris County; Texas","39280","9596",
"1400000US48201233501","Census Tract 2335.01; Harris County; Texas","42727","15293",
"1400000US48201233502","Census Tract 2335.02; Harris County; Texas","56761","23363",
"1400000US48201233600","Census Tract 2336; Harris County; Texas","44821","10002",
"1400000US48201233701","Census Tract 2337.01; Harris County; Texas","57532","15258",
"1400000US48201233702","Census Tract 2337.02; Harris County; Texas","44318","12179",
"1400000US48201233703","Census Tract 2337.03; Harris County; Texas","46286","26379",
"1400000US48201240101","Census Tract 2401.01; Harris County; Texas","35540","6143",
"1400000US48201240102","Census Tract 2401.02; Harris County; Texas","42664","10425",
"1400000US48201240400","Census Tract 2404; Harris County; Texas","62357","14675",
"1400000US48201240503","Census Tract 2405.03; Harris County; Texas","37138","21554",
"1400000US48201240504","Census Tract 2405.04; Harris County; Texas","36176","12421",
"1400000US48201240505","Census Tract 2405.05; Harris County; Texas","26810","12358",
"1400000US48201240506","Census Tract 2405.06; Harris County; Texas","45556","12136",
"1400000US48201240600","Census Tract 2406; Harris County; Texas","32641","2661",
"1400000US48201240703","Census Tract 2407.03; Harris County; Texas","69746","4755",
"1400000US48201240704","Census Tract 2407.04; Harris County; Texas","110398","51516",
"1400000US48201240705","Census Tract 2407.05; Harris County; Texas","79178","33232",
"1400000US48201240706","Census Tract 2407.06; Harris County; Texas","86116","18679",
"1400000US48201240707","Census Tract 2407.07; Harris County; Texas","86902","11509",
"1400000US48201240802","Census Tract 2408.02; Harris County; Texas","75776","14135",
"1400000US48201240803","Census Tract 2408.03; Harris County; Texas","49066","4875",
"1400000US48201240804","Census Tract 2408.04; Harris County; Texas","41701","12180",
"1400000US48201240903","Census Tract 2409.03; Harris County; Texas","91250","27342",
"1400000US48201240904","Census Tract 2409.04; Harris County; Texas","76500","13603",
"1400000US48201240905","Census Tract 2409.05; Harris County; Texas","74907","31928",
"1400000US48201240906","Census Tract 2409.06; Harris County; Texas","90283","31986",
"1400000US48201241001","Census Tract 2410.01; Harris County; Texas","82663","13553",
"1400000US48201241002","Census Tract 2410.02; Harris County; Texas","83402","13650",
"1400000US48201241101","Census Tract 2411.01; Harris County; Texas","79777","17393",
"1400000US48201241103","Census Tract 2411.03; Harris County; Texas","90789","8399",
"1400000US48201241104","Census Tract 2411.04; Harris County; Texas","90348","11572",
"1400000US48201241105","Census Tract 2411.05; Harris County; Texas","78936","34910",
"1400000US48201241201","Census Tract 2412.01; Harris County; Texas","76841","20995",
"1400000US48201241202","Census Tract 2412.02; Harris County; Texas","69647","20521",
"1400000US48201241301","Census Tract 2413.01; Harris County; Texas","118261","23806",
"1400000US48201241302","Census Tract 2413.02; Harris County; Texas","96767","29545",
"1400000US48201241400","Census Tract 2414; Harris County; Texas","92575","14169",
"1400000US48201241501","Census Tract 2415.01; Harris County; Texas","44500","10312",
"1400000US48201241502","Census Tract 2415.02; Harris County; Texas","30217","15090",
"1400000US48201241503","Census Tract 2415.03; Harris County; Texas","51519","9148",
"1400000US48201250101","Census Tract 2501.01; Harris County; Texas","74023","30322",
"1400000US48201250102","Census Tract 2501.02; Harris County; Texas","79890","17141",
"1400000US48201250201","Census Tract 2502.01; Harris County; Texas","59350","23911",
"1400000US48201250202","Census Tract 2502.02; Harris County; Texas","53650","47154",
"1400000US48201250303","Census Tract 2503.03; Harris County; Texas","82586","57063",
"1400000US48201250304","Census Tract 2503.04; Harris County; Texas","97133","8390",
"1400000US48201250305","Census Tract 2503.05; Harris County; Texas","89746","7773",
"1400000US48201250306","Census Tract 2503.06; Harris County; Texas","78750","13028",
"1400000US48201250403","Census Tract 2504.03; Harris County; Texas","82480","30600",
"1400000US48201250404","Census Tract 2504.04; Harris County; Texas","123795","43679",
"1400000US48201250405","Census Tract 2504.05; Harris County; Texas","114458","25316",
"1400000US48201250406","Census Tract 2504.06; Harris County; Texas","127372","33198",
"1400000US48201250407","Census Tract 2504.07; Harris County; Texas","193974","20931",
"1400000US48201250408","Census Tract 2504.08; Harris County; Texas","130054","31766",
"1400000US48201250500","Census Tract 2505; Harris County; Texas","70617","9876",
"1400000US48201250601","Census Tract 2506.01; Harris County; Texas","52180","19166",
"1400000US48201250602","Census Tract 2506.02; Harris County; Texas","50297","16227",
"1400000US48201250701","Census Tract 2507.01; Harris County; Texas","130218","54803",
"1400000US48201250702","Census Tract 2507.02; Harris County; Texas","111364","16044",
"1400000US48201250801","Census Tract 2508.01; Harris County; Texas","132574","37153",
"1400000US48201250802","Census Tract 2508.02; Harris County; Texas","140201","20901",
"1400000US48201250901","Census Tract 2509.01; Harris County; Texas","93466","31164",
"1400000US48201250902","Census Tract 2509.02; Harris County; Texas","190950","13263",
"1400000US48201251000","Census Tract 2510; Harris County; Texas","71615","27626",
"1400000US48201251100","Census Tract 2511; Harris County; Texas","107067","11151",
"1400000US48201251200","Census Tract 2512; Harris County; Texas","72500","38089",
"1400000US48201251300","Census Tract 2513; Harris County; Texas","131636","20823",
"1400000US48201251401","Census Tract 2514.01; Harris County; Texas","125521","18515",
"1400000US48201251402","Census Tract 2514.02; Harris County; Texas","59179","15134",
"1400000US48201251501","Census Tract 2515.01; Harris County; Texas","150962","42755",
"1400000US48201251503","Census Tract 2515.03; Harris County; Texas","139571","13453",
"1400000US48201251504","Census Tract 2515.04; Harris County; Texas","149901","17955",
"1400000US48201251505","Census Tract 2515.05; Harris County; Texas","171600","46573",
"1400000US48201251600","Census Tract 2516; Harris County; Texas","96293","37728",
"1400000US48201251701","Census Tract 2517.01; Harris County; Texas","86486","16684",
"1400000US48201251702","Census Tract 2517.02; Harris County; Texas","79271","41146",
"1400000US48201251800","Census Tract 2518; Harris County; Texas","87167","33888",
"1400000US48201251902","Census Tract 2519.02; Harris County; Texas","122281","26646",
"1400000US48201251903","Census Tract 2519.03; Harris County; Texas","120078","48094",
"1400000US48201251904","Census Tract 2519.04; Harris County; Texas","109583","21208",
"1400000US48201252001","Census Tract 2520.01; Harris County; Texas","84720","50126",
"1400000US48201252002","Census Tract 2520.02; Harris County; Texas","135174","38154",
"1400000US48201252003","Census Tract 2520.03; Harris County; Texas","173138","13474",
"1400000US48201252100","Census Tract 2521; Harris County; Texas","93000","26974",
"1400000US48201252201","Census Tract 2522.01; Harris County; Texas","64598","20266",
"1400000US48201252202","Census Tract 2522.02; Harris County; Texas","73500","22261",
"1400000US48201252303","Census Tract 2523.03; Harris County; Texas","102449","27410",
"1400000US48201252304","Census Tract 2523.04; Harris County; Texas","68632","8767",
"1400000US48201252305","Census Tract 2523.05; Harris County; Texas","114609","64829",
"1400000US48201252306","Census Tract 2523.06; Harris County; Texas","61250","22600",
"1400000US48201252400","Census Tract 2524; Harris County; Texas","52736","20908",
"1400000US48201252500","Census Tract 2525; Harris County; Texas","47298","10315",
"1400000US48201252601","Census Tract 2526.01; Harris County; Texas","41075","22582",
"1400000US48201252602","Census Tract 2526.02; Harris County; Texas","47609","22605",
"1400000US48201252700","Census Tract 2527; Harris County; Texas","64291","32473",
"1400000US48201252800","Census Tract 2528; Harris County; Texas","63109","21822",
"1400000US48201252901","Census Tract 2529.01; Harris County; Texas","49063","39695",
"1400000US48201252902","Census Tract 2529.02; Harris County; Texas","82860","21240",
"1400000US48201253000","Census Tract 2530; Harris County; Texas","53521","6204",
"1400000US48201253101","Census Tract 2531.01; Harris County; Texas","89524","13260",
"1400000US48201253102","Census Tract 2531.02; Harris County; Texas","101836","12308",
"1400000US48201253201","Census Tract 2532.01; Harris County; Texas","103438","26506",
"1400000US48201253202","Census Tract 2532.02; Harris County; Texas","53176","26782",
"1400000US48201253300","Census Tract 2533; Harris County; Texas","98977","15370",
"1400000US48201253501","Census Tract 2535.01; Harris County; Texas","75425","46188",
"1400000US48201253502","Census Tract 2535.02; Harris County; Texas","69403","14772",
"1400000US48201253601","Census Tract 2536.01; Harris County; Texas","98152","11580",
"1400000US48201253602","Census Tract 2536.02; Harris County; Texas","36542","9858",
"1400000US48201253700","Census Tract 2537; Harris County; Texas","58083","14119",
"1400000US48201253800","Census Tract 2538; Harris County; Texas","51898","10610",
"1400000US48201253900","Census Tract 2539; Harris County; Texas","77132","21270",
"1400000US48201254000","Census Tract 2540; Harris County; Texas","51618","8666",
"1400000US48201254100","Census Tract 2541; Harris County; Texas","67619","19459",
"1400000US48201254200","Census Tract 2542; Harris County; Texas","52940","9715",
"1400000US48201254300","Census Tract 2543; Harris County; Texas","48010","9400",
"1400000US48201254400","Census Tract 2544; Harris County; Texas","49583","3797",
"1400000US48201254600","Census Tract 2546; Harris County; Texas","54306","19834",
"1400000US48201254700","Census Tract 2547; Harris County; Texas","61250","22197",
"1400000US48201254800","Census Tract 2548; Harris County; Texas","46875","8231",
"1400000US48201310101","Census Tract 3101.01; Harris County; Texas","95786","29167",
"1400000US48201310102","Census Tract 3101.02; Harris County; Texas","91102","5410",
"1400000US48201310200","Census Tract 3102; Harris County; Texas","132929","17574",
"1400000US48201310300","Census Tract 3103; Harris County; Texas","32368","18308",
"1400000US48201310400","Census Tract 3104; Harris County; Texas","57163","7719",
"1400000US48201310500","Census Tract 3105; Harris County; Texas","42122","20233",
"1400000US48201310600","Census Tract 3106; Harris County; Texas","51837","30254",
"1400000US48201310700","Census Tract 3107; Harris County; Texas","63527","53654",
"1400000US48201310800","Census Tract 3108; Harris County; Texas","53281","7154",
"1400000US48201310900","Census Tract 3109; Harris County; Texas","45763","6888",
"1400000US48201311001","Census Tract 3110.01; Harris County; Texas","61057","14404",
"1400000US48201311002","Census Tract 3110.02; Harris County; Texas","52092","32909",
"1400000US48201311100","Census Tract 3111; Harris County; Texas","42721","7031",
"1400000US48201311200","Census Tract 3112; Harris County; Texas","62096","21153",
"1400000US48201311300","Census Tract 3113; Harris County; Texas","67316","15123",
"1400000US48201311400","Census Tract 3114; Harris County; Texas","45735","13186",
"1400000US48201311501","Census Tract 3115.01; Harris County; Texas","61212","7252",
"1400000US48201311502","Census Tract 3115.02; Harris County; Texas","35455","26726",
"1400000US48201311600","Census Tract 3116; Harris County; Texas","37955","13464",
"1400000US48201311701","Census Tract 3117.01; Harris County; Texas","65024","23210",
"1400000US48201311702","Census Tract 3117.02; Harris County; Texas","32614","8078",
"1400000US48201311800","Census Tract 3118; Harris County; Texas","47753","12691",
"1400000US48201311900","Census Tract 3119; Harris County; Texas","60238","25338",
"1400000US48201312000","Census Tract 3120; Harris County; Texas","85536","34504",
"1400000US48201312200","Census Tract 3122; Harris County; Texas","-","**",
"1400000US48201312300","Census Tract 3123; Harris County; Texas","74789","10620",
"1400000US48201312400","Census Tract 3124; Harris County; Texas","-","**",
"1400000US48201312501","Census Tract 3125.01; Harris County; Texas","132250","35730",
"1400000US48201312502","Census Tract 3125.02; Harris County; Texas","101406","70240",
"1400000US48201312601","Census Tract 3126.01; Harris County; Texas","88269","8507",
"1400000US48201312602","Census Tract 3126.02; Harris County; Texas","131864","52508",
"1400000US48201312603","Census Tract 3126.03; Harris County; Texas","78186","19271",
"1400000US48201312700","Census Tract 3127; Harris County; Texas","86667","67046",
"1400000US48201312800","Census Tract 3128; Harris County; Texas","15833","8192",
"1400000US48201312901","Census Tract 3129.01; Harris County; Texas","14302","11710",
"1400000US48201312902","Census Tract 3129.02; Harris County; Texas","-","**",
"1400000US48201313000","Census Tract 3130; Harris County; Texas","56516","32374",
"1400000US48201313101","Census Tract 3131.01; Harris County; Texas","87639","40969",
"1400000US48201313102","Census Tract 3131.02; Harris County; Texas","85956","20885",
"1400000US48201313201","Census Tract 3132.01; Harris County; Texas","47698","27902",
"1400000US48201313202","Census Tract 3132.02; Harris County; Texas","85802","17355",
"1400000US48201313300","Census Tract 3133; Harris County; Texas","50313","22350",
"1400000US48201313400","Census Tract 3134; Harris County; Texas","42500","11431",
"1400000US48201313500","Census Tract 3135; Harris County; Texas","29922","15261",
"1400000US48201313600","Census Tract 3136; Harris County; Texas","34013","15786",
"1400000US48201313700","Census Tract 3137; Harris County; Texas","48240","13193",
"1400000US48201313801","Census Tract 3138.01; Harris County; Texas","19330","6540",
"1400000US48201313802","Census Tract 3138.02; Harris County; Texas","43348","27089",
"1400000US48201313901","Census Tract 3139.01; Harris County; Texas","80819","26826",
"1400000US48201313902","Census Tract 3139.02; Harris County; Texas","66013","10426",
"1400000US48201314001","Census Tract 3140.01; Harris County; Texas","62500","6105",
"1400000US48201314003","Census Tract 3140.03; Harris County; Texas","52500","16944",
"1400000US48201314004","Census Tract 3140.04; Harris County; Texas","44831","14444",
"1400000US48201314005","Census Tract 3140.05; Harris County; Texas","38990","9229",
"1400000US48201314301","Census Tract 3143.01; Harris County; Texas","50779","11880",
"1400000US48201314302","Census Tract 3143.02; Harris County; Texas","41845","14294",
"1400000US48201314401","Census Tract 3144.01; Harris County; Texas","47969","10567",
"1400000US48201314402","Census Tract 3144.02; Harris County; Texas","84961","11631",
"1400000US48201320100","Census Tract 3201; Harris County; Texas","54083","23475",
"1400000US48201320201","Census Tract 3202.01; Harris County; Texas","36592","3580",
"1400000US48201320202","Census Tract 3202.02; Harris County; Texas","39617","12983",
"1400000US48201320500","Census Tract 3205; Harris County; Texas","71406","15156",
"1400000US48201320601","Census Tract 3206.01; Harris County; Texas","36291","4735",
"1400000US48201320602","Census Tract 3206.02; Harris County; Texas","52061","10946",
"1400000US48201320700","Census Tract 3207; Harris County; Texas","48984","13428",
"1400000US48201320800","Census Tract 3208; Harris County; Texas","54241","24248",
"1400000US48201320901","Census Tract 3209.01; Harris County; Texas","54707","23557",
"1400000US48201320902","Census Tract 3209.02; Harris County; Texas","85656","21911",
"1400000US48201321001","Census Tract 3210.01; Harris County; Texas","36717","7511",
"1400000US48201321002","Census Tract 3210.02; Harris County; Texas","60607","26621",
"1400000US48201321101","Census Tract 3211.01; Harris County; Texas","56454","13580",
"1400000US48201321102","Census Tract 3211.02; Harris County; Texas","93553","21461",
"1400000US48201321200","Census Tract 3212; Harris County; Texas","33750","12910",
"1400000US48201321301","Census Tract 3213.01; Harris County; Texas","32833","12812",
"1400000US48201321302","Census Tract 3213.02; Harris County; Texas","62042","9290",
"1400000US48201321401","Census Tract 3214.01; Harris County; Texas","52548","13190",
"1400000US48201321402","Census Tract 3214.02; Harris County; Texas","60307","18306",
"1400000US48201321500","Census Tract 3215; Harris County; Texas","40938","7793",
"1400000US48201321600","Census Tract 3216; Harris County; Texas","77050","13663",
"1400000US48201321700","Census Tract 3217; Harris County; Texas","77482","9279",
"1400000US48201321800","Census Tract 3218; Harris County; Texas","66856","32364",
"1400000US48201321900","Census Tract 3219; Harris County; Texas","64556","19991",
"1400000US48201322000","Census Tract 3220; Harris County; Texas","48382","10454",
"1400000US48201322100","Census Tract 3221; Harris County; Texas","34597","7273",
"1400000US48201322200","Census Tract 3222; Harris County; Texas","61311","4131",
"1400000US48201322600","Census Tract 3226; Harris County; Texas","66946","12699",
"1400000US48201322701","Census Tract 3227.01; Harris County; Texas","71145","6609",
"1400000US48201322702","Census Tract 3227.02; Harris County; Texas","90929","27686",
"1400000US48201322800","Census Tract 3228; Harris County; Texas","65417","6703",
"1400000US48201322900","Census Tract 3229; Harris County; Texas","53795","26299",
"1400000US48201323000","Census Tract 3230; Harris County; Texas","41765","13070",
"1400000US48201323100","Census Tract 3231; Harris County; Texas","39819","6571",
"1400000US48201323200","Census Tract 3232; Harris County; Texas","71745","27875",
"1400000US48201323300","Census Tract 3233; Harris County; Texas","19514","10118",
"1400000US48201323400","Census Tract 3234; Harris County; Texas","48812","18281",
"1400000US48201323500","Census Tract 3235; Harris County; Texas","44899","10855",
"1400000US48201323601","Census Tract 3236.01; Harris County; Texas","49542","6428",
"1400000US48201323602","Census Tract 3236.02; Harris County; Texas","76691","16020",
"1400000US48201323701","Census Tract 3237.01; Harris County; Texas","52310","10612",
"1400000US48201323702","Census Tract 3237.02; Harris County; Texas","66084","15431",
"1400000US48201323801","Census Tract 3238.01; Harris County; Texas","85441","14647",
"1400000US48201323802","Census Tract 3238.02; Harris County; Texas","52167","11712",
"1400000US48201323900","Census Tract 3239; Harris County; Texas","32659","8175",
"1400000US48201324000","Census Tract 3240; Harris County; Texas","90750","10944",
"1400000US48201324101","Census Tract 3241.01; Harris County; Texas","50940","16652",
"1400000US48201324102","Census Tract 3241.02; Harris County; Texas","-","**",
"1400000US48201324200","Census Tract 3242; Harris County; Texas","50313","19945",
"1400000US48201330101","Census Tract 3301.01; Harris County; Texas","79040","17661",
"1400000US48201330102","Census Tract 3301.02; Harris County; Texas","40818","7620",
"1400000US48201330200","Census Tract 3302; Harris County; Texas","57287","18183",
"1400000US48201330301","Census Tract 3303.01; Harris County; Texas","71852","15588",
"1400000US48201330302","Census Tract 3303.02; Harris County; Texas","61330","21317",
"1400000US48201330303","Census Tract 3303.03; Harris County; Texas","54203","8680",
"1400000US48201330400","Census Tract 3304; Harris County; Texas","45611","11952",
"1400000US48201330500","Census Tract 3305; Harris County; Texas","71875","26612",
"1400000US48201330600","Census Tract 3306; Harris County; Texas","48489","7800",
"1400000US48201330700","Census Tract 3307; Harris County; Texas","73221","15461",
"1400000US48201330801","Census Tract 3308.01; Harris County; Texas","64430","22615",
"1400000US48201330802","Census Tract 3308.02; Harris County; Texas","108097","29873",
"1400000US48201330901","Census Tract 3309.01; Harris County; Texas","83794","15658",
"1400000US48201330902","Census Tract 3309.02; Harris County; Texas","37140","24072",
"1400000US48201331100","Census Tract 3311; Harris County; Texas","58717","12037",
"1400000US48201331200","Census Tract 3312; Harris County; Texas","32156","10060",
"1400000US48201331300","Census Tract 3313; Harris County; Texas","41975","16624",
"1400000US48201331400","Census Tract 3314; Harris County; Texas","21099","3245",
"1400000US48201331501","Census Tract 3315.01; Harris County; Texas","75553","11731",
"1400000US48201331502","Census Tract 3315.02; Harris County; Texas","54097","17431",
"1400000US48201331602","Census Tract 3316.02; Harris County; Texas","67520","19590",
"1400000US48201331603","Census Tract 3316.03; Harris County; Texas","52944","14568",
"1400000US48201331604","Census Tract 3316.04; Harris County; Texas","38938","11248",
"1400000US48201331700","Census Tract 3317; Harris County; Texas","38994","23689",
"1400000US48201331800","Census Tract 3318; Harris County; Texas","31938","15022",
"1400000US48201331900","Census Tract 3319; Harris County; Texas","34883","13099",
"1400000US48201332000","Census Tract 3320; Harris County; Texas","22162","8438",
"1400000US48201332100","Census Tract 3321; Harris County; Texas","41299","4085",
"1400000US48201332200","Census Tract 3322; Harris County; Texas","31534","12565",
"1400000US48201332300","Census Tract 3323; Harris County; Texas","44451","7699",
"1400000US48201332400","Census Tract 3324; Harris County; Texas","50462","11754",
"1400000US48201332500","Census Tract 3325; Harris County; Texas","83870","14170",
"1400000US48201332600","Census Tract 3326; Harris County; Texas","45870","14467",
"1400000US48201332700","Census Tract 3327; Harris County; Texas","44909","20478",
"1400000US48201332800","Census Tract 3328; Harris County; Texas","53333","33744",
"1400000US48201332900","Census Tract 3329; Harris County; Texas","41194","6571",
"1400000US48201333000","Census Tract 3330; Harris County; Texas","67813","14715",
"1400000US48201333100","Census Tract 3331; Harris County; Texas","36715","2413",
"1400000US48201333201","Census Tract 3332.01; Harris County; Texas","60615","19627",
"1400000US48201333203","Census Tract 3332.03; Harris County; Texas","45907","9404",
"1400000US48201333204","Census Tract 3332.04; Harris County; Texas","39831","10095",
"1400000US48201333205","Census Tract 3332.05; Harris County; Texas","35451","6458",
"1400000US48201333301","Census Tract 3333.01; Harris County; Texas","30325","8626",
"1400000US48201333302","Census Tract 3333.02; Harris County; Texas","53783","21505",
"1400000US48201333501","Census Tract 3335.01; Harris County; Texas","41558","6575",
"1400000US48201333502","Census Tract 3335.02; Harris County; Texas","83269","33501",
"1400000US48201333600","Census Tract 3336; Harris County; Texas","70868","25224",
"1400000US48201333700","Census Tract 3337; Harris County; Texas","64841","17159",
"1400000US48201333801","Census Tract 3338.01; Harris County; Texas","52550","16556",
"1400000US48201333802","Census Tract 3338.02; Harris County; Texas","86897","23057",
"1400000US48201333903","Census Tract 3339.03; Harris County; Texas","63494","54395",
"1400000US48201333904","Census Tract 3339.04; Harris County; Texas","73715","15270",
"1400000US48201333905","Census Tract 3339.05; Harris County; Texas","68250","6985",
"1400000US48201333906","Census Tract 3339.06; Harris County; Texas","107406","31210",
"1400000US48201334001","Census Tract 3340.01; Harris County; Texas","48286","8545",
"1400000US48201334002","Census Tract 3340.02; Harris County; Texas","67938","7222",
"1400000US48201334003","Census Tract 3340.03; Harris County; Texas","70917","24466",
"1400000US48201334101","Census Tract 3341.01; Harris County; Texas","79638","7748",
"1400000US48201334102","Census Tract 3341.02; Harris County; Texas","65064","12081",
"1400000US48201340101","Census Tract 3401.01; Harris County; Texas","59022","10361",
"1400000US48201340102","Census Tract 3401.02; Harris County; Texas","88884","25945",
"1400000US48201340201","Census Tract 3402.01; Harris County; Texas","-","**",
"1400000US48201340202","Census Tract 3402.02; Harris County; Texas","170807","26976",
"1400000US48201340203","Census Tract 3402.03; Harris County; Texas","135756","19399",
"1400000US48201340301","Census Tract 3403.01; Harris County; Texas","218304","33023",
"1400000US48201340302","Census Tract 3403.02; Harris County; Texas","147031","2186",
"1400000US48201340400","Census Tract 3404; Harris County; Texas","147115","17658",
"1400000US48201340501","Census Tract 3405.01; Harris County; Texas","77065","14668",
"1400000US48201340502","Census Tract 3405.02; Harris County; Texas","54180","4832",
"1400000US48201340600","Census Tract 3406; Harris County; Texas","124435","24112",
"1400000US48201340701","Census Tract 3407.01; Harris County; Texas","69716","10382",
"1400000US48201340702","Census Tract 3407.02; Harris County; Texas","87604","34529",
"1400000US48201340800","Census Tract 3408; Harris County; Texas","142072","37777",
"1400000US48201340900","Census Tract 3409; Harris County; Texas","48052","3779",
"1400000US48201341001","Census Tract 3410.01; Harris County; Texas","62356","16571",
"1400000US48201341002","Census Tract 3410.02; Harris County; Texas","71106","16689",
"1400000US48201341101","Census Tract 3411.01; Harris County; Texas","72564","44970",
"1400000US48201341102","Census Tract 3411.02; Harris County; Texas","50529","13915",
"1400000US48201341201","Census Tract 3412.01; Harris County; Texas","71359","15925",
"1400000US48201341203","Census Tract 3412.03; Harris County; Texas","61250","28872",
"1400000US48201341204","Census Tract 3412.04; Harris County; Texas","71861","18830",
"1400000US48201341302","Census Tract 3413.02; Harris County; Texas","78671","7564",
"1400000US48201341303","Census Tract 3413.03; Harris County; Texas","60057","12098",
"1400000US48201341304","Census Tract 3413.04; Harris County; Texas","80500","53288",
"1400000US48201341400","Census Tract 3414; Harris County; Texas","147572","14746",
"1400000US48201341501","Census Tract 3415.01; Harris County; Texas","79452","29955",
"1400000US48201341502","Census Tract 3415.02; Harris County; Texas","88125","38587",
"1400000US48201341600","Census Tract 3416; Harris County; Texas","120704","36852",
"1400000US48201341700","Census Tract 3417; Harris County; Texas","58967","10554",
"1400000US48201341800","Census Tract 3418; Harris County; Texas","99408","29393",
"1400000US48201342001","Census Tract 3420.01; Harris County; Texas","147576","29404",
"1400000US48201342002","Census Tract 3420.02; Harris County; Texas","81197","19356",
"1400000US48201342100","Census Tract 3421; Harris County; Texas","99286","19077",
"1400000US48201342200","Census Tract 3422; Harris County; Texas","53459","18587",
"1400000US48201342300","Census Tract 3423; Harris County; Texas","63919","13498",
"1400000US48201342400","Census Tract 3424; Harris County; Texas","73586","26156",
"1400000US48201342500","Census Tract 3425; Harris County; Texas","101964","30272",
"1400000US48201342700","Census Tract 3427; Harris County; Texas","81530","16728",
"1400000US48201342801","Census Tract 3428.01; Harris County; Texas","126488","12164",
"1400000US48201342802","Census Tract 3428.02; Harris County; Texas","131795","6152",
"1400000US48201342900","Census Tract 3429; Harris County; Texas","114367","22528",
"1400000US48201343000","Census Tract 3430; Harris County; Texas","63542","44975",
"1400000US48201343100","Census Tract 3431; Harris County; Texas","82344","33841",
"1400000US48201343200","Census Tract 3432; Harris County; Texas","118359","23451",
"1400000US48201343301","Census Tract 3433.01; Harris County; Texas","97161","13792",
"1400000US48201343302","Census Tract 3433.02; Harris County; Texas","110595","29052",
"1400000US48201343601","Census Tract 3436.01; Harris County; Texas","-","**",
"1400000US48201343602","Census Tract 3436.02; Harris County; Texas","68409","22320",
"1400000US48201343700","Census Tract 3437; Harris County; Texas","65521","22241",
"1400000US48201350101","Census Tract 3501.01; Harris County; Texas","79605","53402",
"1400000US48201350102","Census Tract 3501.02; Harris County; Texas","120419","17706",
"1400000US48201350103","Census Tract 3501.03; Harris County; Texas","116571","48661",
"1400000US48201350104","Census Tract 3501.04; Harris County; Texas","99877","30917",
"1400000US48201350201","Census Tract 3502.01; Harris County; Texas","104528","52675",
"1400000US48201350202","Census Tract 3502.02; Harris County; Texas","84153","22672",
"1400000US48201350300","Census Tract 3503; Harris County; Texas","100948","19613",
"1400000US48201350400","Census Tract 3504; Harris County; Texas","69519","35589",
"1400000US48201350500","Census Tract 3505; Harris County; Texas","80079","12725",
"1400000US48201350601","Census Tract 3506.01; Harris County; Texas","97700","12105",
"1400000US48201350603","Census Tract 3506.03; Harris County; Texas","103673","6696",
"1400000US48201350604","Census Tract 3506.04; Harris County; Texas","111250","34889",
"1400000US48201350700","Census Tract 3507; Harris County; Texas","92917","46557",
"1400000US48201350801","Census Tract 3508.01; Harris County; Texas","82731","13098",
"1400000US48201350803","Census Tract 3508.03; Harris County; Texas","60489","10720",
"1400000US48201350804","Census Tract 3508.04; Harris County; Texas","154221","39158",
"1400000US48201410101","Census Tract 4101.01; Harris County; Texas","92813","47908",
"1400000US48201410102","Census Tract 4101.02; Harris County; Texas","73029","20899",
"1400000US48201410201","Census Tract 4102.01; Harris County; Texas","80037","21150",
"1400000US48201410202","Census Tract 4102.02; Harris County; Texas","130972","13500",
"1400000US48201410300","Census Tract 4103; Harris County; Texas","100657","16639",
"1400000US48201410401","Census Tract 4104.01; Harris County; Texas","116934","45234",
"1400000US48201410402","Census Tract 4104.02; Harris County; Texas","180000","35943",
"1400000US48201410501","Census Tract 4105.01; Harris County; Texas","136043","19474",
"1400000US48201410502","Census Tract 4105.02; Harris County; Texas","154261","33640",
"1400000US48201410601","Census Tract 4106.01; Harris County; Texas","98958","23362",
"1400000US48201410602","Census Tract 4106.02; Harris County; Texas","93715","14098",
"1400000US48201410703","Census Tract 4107.03; Harris County; Texas","93250","38789",
"1400000US48201410704","Census Tract 4107.04; Harris County; Texas","74537","34278",
"1400000US48201410705","Census Tract 4107.05; Harris County; Texas","-","**",
"1400000US48201410706","Census Tract 4107.06; Harris County; Texas","72305","10899",
"1400000US48201410801","Census Tract 4108.01; Harris County; Texas","83026","24345",
"1400000US48201410802","Census Tract 4108.02; Harris County; Texas","121094","22772",
"1400000US48201410900","Census Tract 4109; Harris County; Texas","109067","13527",
"1400000US48201411001","Census Tract 4110.01; Harris County; Texas","124773","37324",
"1400000US48201411002","Census Tract 4110.02; Harris County; Texas","101875","19200",
"1400000US48201411003","Census Tract 4110.03; Harris County; Texas","107802","50822",
"1400000US48201411100","Census Tract 4111; Harris County; Texas","177796","30555",
"1400000US48201411200","Census Tract 4112; Harris County; Texas","176042","72258",
"1400000US48201411301","Census Tract 4113.01; Harris County; Texas","114402","25637",
"1400000US48201411302","Census Tract 4113.02; Harris County; Texas","89246","16786",
"1400000US48201411400","Census Tract 4114; Harris County; Texas","250,000+","***",
"1400000US48201411503","Census Tract 4115.03; Harris County; Texas","115417","22440",
"1400000US48201411504","Census Tract 4115.04; Harris County; Texas","126806","22939",
"1400000US48201411505","Census Tract 4115.05; Harris County; Texas","101736","36842",
"1400000US48201411506","Census Tract 4115.06; Harris County; Texas","99901","34179",
"1400000US48201411507","Census Tract 4115.07; Harris County; Texas","85782","9947",
"1400000US48201411600","Census Tract 4116; Harris County; Texas","127426","40301",
"1400000US48201411700","Census Tract 4117; Harris County; Texas","77193","14835",
"1400000US48201411801","Census Tract 4118.01; Harris County; Texas","121557","7176",
"1400000US48201411802","Census Tract 4118.02; Harris County; Texas","113250","45656",
"1400000US48201411901","Census Tract 4119.01; Harris County; Texas","239519","93070",
"1400000US48201411902","Census Tract 4119.02; Harris County; Texas","113125","64508",
"1400000US48201412000","Census Tract 4120; Harris County; Texas","244483","52827",
"1400000US48201412201","Census Tract 4122.01; Harris County; Texas","135417","53944",
"1400000US48201412202","Census Tract 4122.02; Harris County; Texas","167986","60715",
"1400000US48201412300","Census Tract 4123; Harris County; Texas","250,000+","***",
"1400000US48201412400","Census Tract 4124; Harris County; Texas","250,000+","***",
"1400000US48201412500","Census Tract 4125; Harris County; Texas","162885","54393",
"1400000US48201412600","Census Tract 4126; Harris County; Texas","250,000+","***",
"1400000US48201412700","Census Tract 4127; Harris County; Texas","140417","32026",
"1400000US48201412800","Census Tract 4128; Harris County; Texas","250,000+","***",
"1400000US48201412901","Census Tract 4129.01; Harris County; Texas","85773","10262",
"1400000US48201412902","Census Tract 4129.02; Harris County; Texas","95781","55723",
"1400000US48201413000","Census Tract 4130; Harris County; Texas","111219","39101",
"1400000US48201413100","Census Tract 4131; Harris County; Texas","250,000+","***",
"1400000US48201413203","Census Tract 4132.03; Harris County; Texas","63640","18905",
"1400000US48201413204","Census Tract 4132.04; Harris County; Texas","61635","10544",
"1400000US48201413205","Census Tract 4132.05; Harris County; Texas","63837","3153",
"1400000US48201413206","Census Tract 4132.06; Harris County; Texas","73281","15249",
"1400000US48201413301","Census Tract 4133.01; Harris County; Texas","70918","7222",
"1400000US48201413302","Census Tract 4133.02; Harris County; Texas","170750","103667",
"1400000US48201420100","Census Tract 4201; Harris County; Texas","50725","10627",
"1400000US48201420200","Census Tract 4202; Harris County; Texas","61389","21834",
"1400000US48201420300","Census Tract 4203; Harris County; Texas","106465","10848",
"1400000US48201420400","Census Tract 4204; Harris County; Texas","94625","19811",
"1400000US48201420500","Census Tract 4205; Harris County; Texas","37288","20466",
"1400000US48201420600","Census Tract 4206; Harris County; Texas","92219","17716",
"1400000US48201420700","Census Tract 4207; Harris County; Texas","199875","35418",
"1400000US48201420800","Census Tract 4208; Harris County; Texas","226250","66290",
"1400000US48201420900","Census Tract 4209; Harris County; Texas","246500","60179",
"1400000US48201421000","Census Tract 4210; Harris County; Texas","210815","88369",
"1400000US48201421101","Census Tract 4211.01; Harris County; Texas","57039","9055",
"1400000US48201421103","Census Tract 4211.03; Harris County; Texas","41982","5545",
"1400000US48201421104","Census Tract 4211.04; Harris County; Texas","37316","13145",
"1400000US48201421203","Census Tract 4212.03; Harris County; Texas","38185","6832",
"1400000US48201421204","Census Tract 4212.04; Harris County; Texas","44222","2573",
"1400000US48201421205","Census Tract 4212.05; Harris County; Texas","33816","2014",
"1400000US48201421206","Census Tract 4212.06; Harris County; Texas","31203","775",
"1400000US48201421301","Census Tract 4213.01; Harris County; Texas","41842","15318",
"1400000US48201421302","Census Tract 4213.02; Harris County; Texas","55064","25786",
"1400000US48201421401","Census Tract 4214.01; Harris County; Texas","36451","4806",
"1400000US48201421402","Census Tract 4214.02; Harris County; Texas","37684","6454",
"1400000US48201421403","Census Tract 4214.03; Harris County; Texas","32813","7296",
"1400000US48201421501","Census Tract 4215.01; Harris County; Texas","46273","11126",
"1400000US48201421502","Census Tract 4215.02; Harris County; Texas","44367","8064",
"1400000US48201421601","Census Tract 4216.01; Harris County; Texas","37008","12196",
"1400000US48201421602","Census Tract 4216.02; Harris County; Texas","42692","12060",
"1400000US48201421700","Census Tract 4217; Harris County; Texas","80609","18217",
"1400000US48201421801","Census Tract 4218.01; Harris County; Texas","42045","2499",
"1400000US48201421802","Census Tract 4218.02; Harris County; Texas","89079","33559",
"1400000US48201421900","Census Tract 4219; Harris County; Texas","182868","25771",
"1400000US48201422000","Census Tract 4220; Harris County; Texas","126417","12748",
"1400000US48201422100","Census Tract 4221; Harris County; Texas","101238","9173",
"1400000US48201422200","Census Tract 4222; Harris County; Texas","33479","10788",
"1400000US48201422302","Census Tract 4223.02; Harris County; Texas","87568","26997",
"1400000US48201422303","Census Tract 4223.03; Harris County; Texas","40471","30323",
"1400000US48201422304","Census Tract 4223.04; Harris County; Texas","48780","8405",
"1400000US48201422403","Census Tract 4224.03; Harris County; Texas","81108","21724",
"1400000US48201422404","Census Tract 4224.04; Harris County; Texas","40478","15976",
"1400000US48201422405","Census Tract 4224.05; Harris County; Texas","18494","1973",
"1400000US48201422406","Census Tract 4224.06; Harris County; Texas","44519","25403",
"1400000US48201422501","Census Tract 4225.01; Harris County; Texas","50911","14447",
"1400000US48201422502","Census Tract 4225.02; Harris County; Texas","45382","20528",
"1400000US48201422601","Census Tract 4226.01; Harris County; Texas","46015","6760",
"1400000US48201422602","Census Tract 4226.02; Harris County; Texas","73162","29092",
"1400000US48201422701","Census Tract 4227.01; Harris County; Texas","55286","20370",
"1400000US48201422702","Census Tract 4227.02; Harris County; Texas","74914","30408",
"1400000US48201422800","Census Tract 4228; Harris County; Texas","53714","9079",
"1400000US48201422900","Census Tract 4229; Harris County; Texas","44650","9573",
"1400000US48201423001","Census Tract 4230.01; Harris County; Texas","36117","3575",
"1400000US48201423002","Census Tract 4230.02; Harris County; Texas","34059","3670",
"1400000US48201423100","Census Tract 4231; Harris County; Texas","34656","5827",
"1400000US48201423201","Census Tract 4232.01; Harris County; Texas","80141","11557",
"1400000US48201423203","Census Tract 4232.03; Harris County; Texas","50821","42809",
"1400000US48201423204","Census Tract 4232.04; Harris County; Texas","28481","12257",
"1400000US48201423301","Census Tract 4233.01; Harris County; Texas","52578","19736",
"1400000US48201423303","Census Tract 4233.03; Harris County; Texas","24213","18531",
"1400000US48201423304","Census Tract 4233.04; Harris County; Texas","50689","2718",
"1400000US48201423401","Census Tract 4234.01; Harris County; Texas","69792","28735",
"1400000US48201423402","Census Tract 4234.02; Harris County; Texas","59583","19241",
"1400000US48201423500","Census Tract 4235; Harris County; Texas","105291","10865",
"1400000US48201423600","Census Tract 4236; Harris County; Texas","66356","5336",
"1400000US48201430101","Census Tract 4301.01; Harris County; Texas","79038","33975",
"1400000US48201430102","Census Tract 4301.02; Harris County; Texas","135739","52430",
"1400000US48201430200","Census Tract 4302; Harris County; Texas","82434","16096",
"1400000US48201430300","Census Tract 4303; Harris County; Texas","250,000+","***",
"1400000US48201430400","Census Tract 4304; Harris County; Texas","250,000+","***",
"1400000US48201430500","Census Tract 4305; Harris County; Texas","223750","69670",
"1400000US48201430600","Census Tract 4306; Harris County; Texas","250,000+","***",
"1400000US48201430700","Census Tract 4307; Harris County; Texas","88870","13335",
"1400000US48201430800","Census Tract 4308; Harris County; Texas","155388","34077",
"1400000US48201430900","Census Tract 4309; Harris County; Texas","85767","14188",
"1400000US48201431001","Census Tract 4310.01; Harris County; Texas","98911","20351",
"1400000US48201431002","Census Tract 4310.02; Harris County; Texas","106250","48240",
"1400000US48201431101","Census Tract 4311.01; Harris County; Texas","83615","14105",
"1400000US48201431102","Census Tract 4311.02; Harris County; Texas","63037","24975",
"1400000US48201431203","Census Tract 4312.03; Harris County; Texas","42768","9360",
"1400000US48201431204","Census Tract 4312.04; Harris County; Texas","78818","14579",
"1400000US48201431205","Census Tract 4312.05; Harris County; Texas","43843","2209",
"1400000US48201431206","Census Tract 4312.06; Harris County; Texas","71875","11240",
"1400000US48201431302","Census Tract 4313.02; Harris County; Texas","82545","68597",
"1400000US48201431303","Census Tract 4313.03; Harris County; Texas","55164","8298",
"1400000US48201431304","Census Tract 4313.04; Harris County; Texas","67188","18978",
"1400000US48201431401","Census Tract 4314.01; Harris County; Texas","83304","14232",
"1400000US48201431403","Census Tract 4314.03; Harris County; Texas","97500","59139",
"1400000US48201431404","Census Tract 4314.04; Harris County; Texas","71191","13281",
"1400000US48201431503","Census Tract 4315.03; Harris County; Texas","110563","20374",
"1400000US48201431504","Census Tract 4315.04; Harris County; Texas","121875","36442",
"1400000US48201431505","Census Tract 4315.05; Harris County; Texas","89904","23829",
"1400000US48201431506","Census Tract 4315.06; Harris County; Texas","87988","20461",
"1400000US48201431600","Census Tract 4316; Harris County; Texas","118409","42572",
"1400000US48201431701","Census Tract 4317.01; Harris County; Texas","107698","38891",
"1400000US48201431702","Census Tract 4317.02; Harris County; Texas","175787","64794",
"1400000US48201431801","Census Tract 4318.01; Harris County; Texas","78551","11326",
"1400000US48201431803","Census Tract 4318.03; Harris County; Texas","74530","20509",
"1400000US48201431804","Census Tract 4318.04; Harris County; Texas","126458","18447",
"1400000US48201431901","Census Tract 4319.01; Harris County; Texas","41967","16902",
"1400000US48201431902","Census Tract 4319.02; Harris County; Texas","111667","34891",
"1400000US48201432003","Census Tract 4320.03; Harris County; Texas","38774","15579",
"1400000US48201432004","Census Tract 4320.04; Harris County; Texas","128611","27944",
"1400000US48201432005","Census Tract 4320.05; Harris County; Texas","47468","11179",
"1400000US48201432006","Census Tract 4320.06; Harris County; Texas","35219","19587",
"1400000US48201432101","Census Tract 4321.01; Harris County; Texas","62029","42001",
"1400000US48201432102","Census Tract 4321.02; Harris County; Texas","54754","16814",
"1400000US48201432200","Census Tract 4322; Harris County; Texas","54854","24097",
"1400000US48201432301","Census Tract 4323.01; Harris County; Texas","43515","18907",
"1400000US48201432302","Census Tract 4323.02; Harris County; Texas","47712","15973",
"1400000US48201432303","Census Tract 4323.03; Harris County; Texas","58369","7862",
"1400000US48201432401","Census Tract 4324.01; Harris County; Texas","42297","11898",
"1400000US48201432402","Census Tract 4324.02; Harris County; Texas","39861","13166",
"1400000US48201432501","Census Tract 4325.01; Harris County; Texas","44900","16068",
"1400000US48201432502","Census Tract 4325.02; Harris County; Texas","47250","7604",
"1400000US48201432600","Census Tract 4326; Harris County; Texas","81731","32332",
"1400000US48201432703","Census Tract 4327.03; Harris County; Texas","75223","17616",
"1400000US48201432704","Census Tract 4327.04; Harris County; Texas","42232","16165",
"1400000US48201432705","Census Tract 4327.05; Harris County; Texas","34030","7413",
"1400000US48201432706","Census Tract 4327.06; Harris County; Texas","34085","14245",
"1400000US48201432803","Census Tract 4328.03; Harris County; Texas","42096","11473",
"1400000US48201432804","Census Tract 4328.04; Harris County; Texas","62216","16353",
"1400000US48201432805","Census Tract 4328.05; Harris County; Texas","40325","6685",
"1400000US48201432806","Census Tract 4328.06; Harris County; Texas","38096","4792",
"1400000US48201432901","Census Tract 4329.01; Harris County; Texas","44750","8850",
"1400000US48201432903","Census Tract 4329.03; Harris County; Texas","52750","10125",
"1400000US48201432904","Census Tract 4329.04; Harris County; Texas","60093","15899",
"1400000US48201433003","Census Tract 4330.03; Harris County; Texas","45979","10233",
"1400000US48201433004","Census Tract 4330.04; Harris County; Texas","42368","10638",
"1400000US48201433005","Census Tract 4330.05; Harris County; Texas","42159","6377",
"1400000US48201433006","Census Tract 4330.06; Harris County; Texas","41006","7637",
"1400000US48201433007","Census Tract 4330.07; Harris County; Texas","42127","7247",
"1400000US48201433100","Census Tract 4331; Harris County; Texas","47480","11190",
"1400000US48201433201","Census Tract 4332.01; Harris County; Texas","42956","9149",
"1400000US48201433202","Census Tract 4332.02; Harris County; Texas","58911","8909",
"1400000US48201433300","Census Tract 4333; Harris County; Texas","86925","17362",
"1400000US48201433400","Census Tract 4334; Harris County; Texas","46243","4947",
"1400000US48201433503","Census Tract 4335.03; Harris County; Texas","46335","11878",
"1400000US48201433504","Census Tract 4335.04; Harris County; Texas","35489","3870",
"1400000US48201433505","Census Tract 4335.05; Harris County; Texas","34219","5027",
"1400000US48201433506","Census Tract 4335.06; Harris County; Texas","36833","9439",
"1400000US48201433507","Census Tract 4335.07; Harris County; Texas","27063","8434",
"1400000US48201433601","Census Tract 4336.01; Harris County; Texas","36992","13735",
"1400000US48201433602","Census Tract 4336.02; Harris County; Texas","42141","12084",
"1400000US48201440101","Census Tract 4401.01; Harris County; Texas","25323","2195",
"1400000US48201440102","Census Tract 4401.02; Harris County; Texas","66344","16572",
"1400000US48201450100","Census Tract 4501; Harris County; Texas","151111","25894",
"1400000US48201450200","Census Tract 4502; Harris County; Texas","150709","52677",
"1400000US48201450301","Census Tract 4503.01; Harris County; Texas","64143","18325",
"1400000US48201450302","Census Tract 4503.02; Harris County; Texas","69751","29000",
"1400000US48201450401","Census Tract 4504.01; Harris County; Texas","63102","27428",
"1400000US48201450402","Census Tract 4504.02; Harris County; Texas","120909","36072",
"1400000US48201450500","Census Tract 4505; Harris County; Texas","144891","21775",
"1400000US48201450600","Census Tract 4506; Harris County; Texas","75532","7564",
"1400000US48201450700","Census Tract 4507; Harris County; Texas","250,000+","***",
"1400000US48201450801","Census Tract 4508.01; Harris County; Texas","79193","25362",
"1400000US48201450803","Census Tract 4508.03; Harris County; Texas","71755","23857",
"1400000US48201450804","Census Tract 4508.04; Harris County; Texas","61250","19575",
"1400000US48201450900","Census Tract 4509; Harris County; Texas","105398","55095",
"1400000US48201451003","Census Tract 4510.03; Harris County; Texas","43787","14896",
"1400000US48201451004","Census Tract 4510.04; Harris County; Texas","51826","26420",
"1400000US48201451005","Census Tract 4510.05; Harris County; Texas","33341","2704",
"1400000US48201451006","Census Tract 4510.06; Harris County; Texas","103096","15301",
"1400000US48201451100","Census Tract 4511; Harris County; Texas","71250","26197",
"1400000US48201451200","Census Tract 4512; Harris County; Texas","166818","18864",
"1400000US48201451301","Census Tract 4513.01; Harris County; Texas","90086","29372",
"1400000US48201451302","Census Tract 4513.02; Harris County; Texas","139884","17114",
"1400000US48201451401","Census Tract 4514.01; Harris County; Texas","66038","15935",
"1400000US48201451404","Census Tract 4514.04; Harris County; Texas","61348","11817",
"1400000US48201451405","Census Tract 4514.05; Harris County; Texas","52619","21363",
"1400000US48201451406","Census Tract 4514.06; Harris County; Texas","44375","18418",
"1400000US48201451407","Census Tract 4514.07; Harris County; Texas","29990","14511",
"1400000US48201451501","Census Tract 4515.01; Harris County; Texas","73154","12024",
"1400000US48201451502","Census Tract 4515.02; Harris County; Texas","51818","7059",
"1400000US48201451603","Census Tract 4516.03; Harris County; Texas","113167","39831",
"1400000US48201451604","Census Tract 4516.04; Harris County; Texas","120147","38575",
"1400000US48201451605","Census Tract 4516.05; Harris County; Texas","70714","33554",
"1400000US48201451606","Census Tract 4516.06; Harris County; Texas","128056","33582",
"1400000US48201451700","Census Tract 4517; Harris County; Texas","60417","25153",
"1400000US48201451800","Census Tract 4518; Harris County; Texas","77727","22236",
"1400000US48201451902","Census Tract 4519.02; Harris County; Texas","127014","21218",
"1400000US48201451903","Census Tract 4519.03; Harris County; Texas","32231","2096",
"1400000US48201451904","Census Tract 4519.04; Harris County; Texas","56369","43959",
"1400000US48201452001","Census Tract 4520.01; Harris County; Texas","72528","39565",
"1400000US48201452002","Census Tract 4520.02; Harris County; Texas","56033","5934",
"1400000US48201452101","Census Tract 4521.01; Harris County; Texas","74299","39318",
"1400000US48201452102","Census Tract 4521.02; Harris County; Texas","55909","22157",
"1400000US48201452103","Census Tract 4521.03; Harris County; Texas","84556","29551",
"1400000US48201452202","Census Tract 4522.02; Harris County; Texas","65574","12616",
"1400000US48201452203","Census Tract 4522.03; Harris County; Texas","50395","31944",
"1400000US48201452204","Census Tract 4522.04; Harris County; Texas","51145","7904",
"1400000US48201452300","Census Tract 4523; Harris County; Texas","71384","21304",
"1400000US48201452401","Census Tract 4524.01; Harris County; Texas","45917","8960",
"1400000US48201452402","Census Tract 4524.02; Harris County; Texas","66250","24938",
"1400000US48201452501","Census Tract 4525.01; Harris County; Texas","34915","6843",
"1400000US48201452502","Census Tract 4525.02; Harris County; Texas","43866","16474",
"1400000US48201452601","Census Tract 4526.01; Harris County; Texas","35932","5849",
"1400000US48201452602","Census Tract 4526.02; Harris County; Texas","71591","22154",
"1400000US48201452701","Census Tract 4527.01; Harris County; Texas","73542","22899",
"1400000US48201452702","Census Tract 4527.02; Harris County; Texas","49904","21380",
"1400000US48201452703","Census Tract 4527.03; Harris County; Texas","50966","49571",
"1400000US48201452801","Census Tract 4528.01; Harris County; Texas","54087","16315",
"1400000US48201452802","Census Tract 4528.02; Harris County; Texas","58906","9689",
"1400000US48201452900","Census Tract 4529; Harris County; Texas","60455","13360",
"1400000US48201453001","Census Tract 4530.01; Harris County; Texas","75855","48729",
"1400000US48201453002","Census Tract 4530.02; Harris County; Texas","61594","8796",
"1400000US48201453100","Census Tract 4531; Harris County; Texas","39162","8003",
"1400000US48201453201","Census Tract 4532.01; Harris County; Texas","36822","11946",
"1400000US48201453202","Census Tract 4532.02; Harris County; Texas","52971","25263",
"1400000US48201453300","Census Tract 4533; Harris County; Texas","36256","9273",
"1400000US48201453401","Census Tract 4534.01; Harris County; Texas","74928","5887",
"1400000US48201453403","Census Tract 4534.03; Harris County; Texas","33510","16345",
"1400000US48201453404","Census Tract 4534.04; Harris County; Texas","41071","13216",
"1400000US48201453405","Census Tract 4534.05; Harris County; Texas","42721","13774",
"1400000US48201453501","Census Tract 4535.01; Harris County; Texas","53196","28963",
"1400000US48201453502","Census Tract 4535.02; Harris County; Texas","61264","16609",
"1400000US48201453601","Census Tract 4536.01; Harris County; Texas","57862","45195",
"1400000US48201453603","Census Tract 4536.03; Harris County; Texas","37128","3699",
"1400000US48201453604","Census Tract 4536.04; Harris County; Texas","98790","13861",
"1400000US48201453701","Census Tract 4537.01; Harris County; Texas","62167","16313",
"1400000US48201453702","Census Tract 4537.02; Harris County; Texas","51502","4446",
"1400000US48201453800","Census Tract 4538; Harris County; Texas","59391","16330",
"1400000US48201453901","Census Tract 4539.01; Harris County; Texas","85130","25633",
"1400000US48201453902","Census Tract 4539.02; Harris County; Texas","53021","13660",
"1400000US48201454000","Census Tract 4540; Harris County; Texas","64322","8151",
"1400000US48201454100","Census Tract 4541; Harris County; Texas","62188","11644",
"1400000US48201454200","Census Tract 4542; Harris County; Texas","66093","5230",
"1400000US48201454302","Census Tract 4543.02; Harris County; Texas","73447","16066",
"1400000US48201454303","Census Tract 4543.03; Harris County; Texas","69040","14377",
"1400000US48201454304","Census Tract 4543.04; Harris County; Texas","65549","27522",
"1400000US48201454305","Census Tract 4543.05; Harris County; Texas","46644","21967",
"1400000US48201454400","Census Tract 4544; Harris County; Texas","60242","15468",
"1400000US48201454502","Census Tract 4545.02; Harris County; Texas","192174","33936",
"1400000US48201454503","Census Tract 4545.03; Harris County; Texas","151397","69036",
"1400000US48201454504","Census Tract 4545.04; Harris County; Texas","119083","46864",
"1400000US48201454505","Census Tract 4545.05; Harris County; Texas","163033","19053",
"1400000US48201454600","Census Tract 4546; Harris County; Texas","42829","8455",
"1400000US48201454700","Census Tract 4547; Harris County; Texas","148118","13739",
"1400000US48201454801","Census Tract 4548.01; Harris County; Texas","67500","18854",
"1400000US48201454802","Census Tract 4548.02; Harris County; Texas","98053","27075",
"1400000US48201454901","Census Tract 4549.01; Harris County; Texas","138382","25663",
"1400000US48201454902","Census Tract 4549.02; Harris County; Texas","96646","21947",
"1400000US48201455000","Census Tract 4550; Harris County; Texas","105625","58686",
"1400000US48201455102","Census Tract 4551.02; Harris County; Texas","106012","18206",
"1400000US48201455103","Census Tract 4551.03; Harris County; Texas","112988","8467",
"1400000US48201455104","Census Tract 4551.04; Harris County; Texas","83131","19114",
"1400000US48201455200","Census Tract 4552; Harris County; Texas","103271","11450",
"1400000US48201455300","Census Tract 4553; Harris County; Texas","74869","18162",
"1400000US48201510100","Census Tract 5101; Harris County; Texas","180817","15632",
"1400000US48201510201","Census Tract 5102.01; Harris County; Texas","118015","42078",
"1400000US48201510202","Census Tract 5102.02; Harris County; Texas","112284","19822",
"1400000US48201510301","Census Tract 5103.01; Harris County; Texas","130503","22076",
"1400000US48201510302","Census Tract 5103.02; Harris County; Texas","157159","64894",
"1400000US48201510400","Census Tract 5104; Harris County; Texas","218356","88239",
"1400000US48201510500","Census Tract 5105; Harris County; Texas","140217","34487",
"1400000US48201510601","Census Tract 5106.01; Harris County; Texas","130616","9036",
"1400000US48201510602","Census Tract 5106.02; Harris County; Texas","164076","38082",
"1400000US48201510701","Census Tract 5107.01; Harris County; Texas","84615","13255",
"1400000US48201510702","Census Tract 5107.02; Harris County; Texas","244293","45705",
"1400000US48201510801","Census Tract 5108.01; Harris County; Texas","128269","41096",
"1400000US48201510802","Census Tract 5108.02; Harris County; Texas","250,000+","***",
"1400000US48201510803","Census Tract 5108.03; Harris County; Texas","109842","20130",
"1400000US48201510901","Census Tract 5109.01; Harris County; Texas","216490","28491",
"1400000US48201510902","Census Tract 5109.02; Harris County; Texas","118750","47720",
"1400000US48201511001","Census Tract 5110.01; Harris County; Texas","97589","21312",
"1400000US48201511003","Census Tract 5110.03; Harris County; Texas","73507","10162",
"1400000US48201511004","Census Tract 5110.04; Harris County; Texas","89028","37667",
"1400000US48201511100","Census Tract 5111; Harris County; Texas","162212","38590",
"1400000US48201511201","Census Tract 5112.01; Harris County; Texas","190938","30690",
"1400000US48201511202","Census Tract 5112.02; Harris County; Texas","172860","26511",
"1400000US48201511301","Census Tract 5113.01; Harris County; Texas","165743","37834",
"1400000US48201511302","Census Tract 5113.02; Harris County; Texas","170768","90390",
"1400000US48201511400","Census Tract 5114; Harris County; Texas","161607","38784",
"1400000US48201511501","Census Tract 5115.01; Harris County; Texas","123696","25027",
"1400000US48201511502","Census Tract 5115.02; Harris County; Texas","205553","38555",
"1400000US48201511600","Census Tract 5116; Harris County; Texas","86026","15964",
"1400000US48201520100","Census Tract 5201; Harris County; Texas","151217","70123",
"1400000US48201520200","Census Tract 5202; Harris County; Texas","151607","70878",
"1400000US48201520301","Census Tract 5203.01; Harris County; Texas","67930","6108",
"1400000US48201520302","Census Tract 5203.02; Harris County; Texas","78026","47287",
"1400000US48201520400","Census Tract 5204; Harris County; Texas","34623","15679",
"1400000US48201520501","Census Tract 5205.01; Harris County; Texas","44181","14173",
"1400000US48201520502","Census Tract 5205.02; Harris County; Texas","49909","9640",
"1400000US48201520601","Census Tract 5206.01; Harris County; Texas","43147","9102",
"1400000US48201520603","Census Tract 5206.03; Harris County; Texas","32691","7364",
"1400000US48201520604","Census Tract 5206.04; Harris County; Texas","81483","8573",
"1400000US48201520700","Census Tract 5207; Harris County; Texas","128966","59717",
"1400000US48201521000","Census Tract 5210; Harris County; Texas","47985","5337",
"1400000US48201521100","Census Tract 5211; Harris County; Texas","36955","11006",
"1400000US48201521201","Census Tract 5212.01; Harris County; Texas","59139","19409",
"1400000US48201521202","Census Tract 5212.02; Harris County; Texas","66630","18852",
"1400000US48201521300","Census Tract 5213; Harris County; Texas","60095","21965",
"1400000US48201521401","Census Tract 5214.01; Harris County; Texas","46444","18127",
"1400000US48201521402","Census Tract 5214.02; Harris County; Texas","43276","17201",
"1400000US48201521501","Census Tract 5215.01; Harris County; Texas","52917","13151",
"1400000US48201521502","Census Tract 5215.02; Harris County; Texas","78409","31111",
"1400000US48201521600","Census Tract 5216; Harris County; Texas","91667","32340",
"1400000US48201521701","Census Tract 5217.01; Harris County; Texas","31588","11617",
"1400000US48201521702","Census Tract 5217.02; Harris County; Texas","34656","6526",
"1400000US48201521800","Census Tract 5218; Harris County; Texas","77584","13448",
"1400000US48201521900","Census Tract 5219; Harris County; Texas","90903","12972",
"1400000US48201522001","Census Tract 5220.01; Harris County; Texas","91411","25404",
"1400000US48201522002","Census Tract 5220.02; Harris County; Texas","97356","45372",
"1400000US48201522101","Census Tract 5221.01; Harris County; Texas","61950","38320",
"1400000US48201522102","Census Tract 5221.02; Harris County; Texas","92833","41933",
"1400000US48201522201","Census Tract 5222.01; Harris County; Texas","73152","13555",
"1400000US48201522202","Census Tract 5222.02; Harris County; Texas","61204","14918",
"1400000US48201522301","Census Tract 5223.01; Harris County; Texas","57438","12314",
"1400000US48201522302","Census Tract 5223.02; Harris County; Texas","61620","6461",
"1400000US48201522401","Census Tract 5224.01; Harris County; Texas","78125","15519",
"1400000US48201522402","Census Tract 5224.02; Harris County; Texas","73571","17513",
"1400000US48201522500","Census Tract 5225; Harris County; Texas","250,000+","***",
"1400000US48201530101","Census Tract 5301.01; Harris County; Texas","43353","19430",
"1400000US48201530102","Census Tract 5301.02; Harris County; Texas","65192","27638",
"1400000US48201530200","Census Tract 5302; Harris County; Texas","147083","70349",
"1400000US48201530300","Census Tract 5303; Harris County; Texas","94444","31532",
"1400000US48201530400","Census Tract 5304; Harris County; Texas","63106","21945",
"1400000US48201530501","Census Tract 5305.01; Harris County; Texas","39425","23121",
"1400000US48201530502","Census Tract 5305.02; Harris County; Texas","62922","10333",
"1400000US48201530600","Census Tract 5306; Harris County; Texas","71029","11249",
"1400000US48201530701","Census Tract 5307.01; Harris County; Texas","20516","4016",
"1400000US48201530702","Census Tract 5307.02; Harris County; Texas","34674","18963",
"1400000US48201530800","Census Tract 5308; Harris County; Texas","45510","30403",
"1400000US48201530900","Census Tract 5309; Harris County; Texas","86563","23040",
"1400000US48201531000","Census Tract 5310; Harris County; Texas","182632","60773",
"1400000US48201531100","Census Tract 5311; Harris County; Texas","181698","15357",
"1400000US48201531200","Census Tract 5312; Harris County; Texas","92837","11069",
"1400000US48201531300","Census Tract 5313; Harris County; Texas","70092","14191",
"1400000US48201531400","Census Tract 5314; Harris County; Texas","97464","8503",
"1400000US48201531500","Census Tract 5315; Harris County; Texas","64688","17464",
"1400000US48201531600","Census Tract 5316; Harris County; Texas","190234","25957",
"1400000US48201531700","Census Tract 5317; Harris County; Texas","219854","27848",
"1400000US48201531800","Census Tract 5318; Harris County; Texas","35875","12504",
"1400000US48201531900","Census Tract 5319; Harris County; Texas","40473","10166",
"1400000US48201532003","Census Tract 5320.03; Harris County; Texas","32738","7291",
"1400000US48201532004","Census Tract 5320.04; Harris County; Texas","30318","18657",
"1400000US48201532101","Census Tract 5321.01; Harris County; Texas","66076","11070",
"1400000US48201532102","Census Tract 5321.02; Harris County; Texas","37267","20811",
"1400000US48201532200","Census Tract 5322; Harris County; Texas","36058","18241",
"1400000US48201532301","Census Tract 5323.01; Harris County; Texas","58154","38237",
"1400000US48201532302","Census Tract 5323.02; Harris County; Texas","63657","14612",
"1400000US48201532400","Census Tract 5324; Harris County; Texas","61144","14428",
"1400000US48201532502","Census Tract 5325.02; Harris County; Texas","66204","20481",
"1400000US48201532503","Census Tract 5325.03; Harris County; Texas","93836","4054",
"1400000US48201532504","Census Tract 5325.04; Harris County; Texas","108854","19653",
"1400000US48201532600","Census Tract 5326; Harris County; Texas","53333","13179",
"1400000US48201532700","Census Tract 5327; Harris County; Texas","77628","18172",
"1400000US48201532800","Census Tract 5328; Harris County; Texas","71494","7197",
"1400000US48201532900","Census Tract 5329; Harris County; Texas","41808","14623",
"1400000US48201533000","Census Tract 5330; Harris County; Texas","32093","5639",
"1400000US48201533100","Census Tract 5331; Harris County; Texas","61139","5335",
"1400000US48201533200","Census Tract 5332; Harris County; Texas","38393","13819",
"1400000US48201533301","Census Tract 5333.01; Harris County; Texas","39754","15135",
"1400000US48201533302","Census Tract 5333.02; Harris County; Texas","47569","28076",
"1400000US48201533401","Census Tract 5334.01; Harris County; Texas","48534","3101",
"1400000US48201533402","Census Tract 5334.02; Harris County; Texas","53581","22483",
"1400000US48201533500","Census Tract 5335; Harris County; Texas","54091","26910",
"1400000US48201533600","Census Tract 5336; Harris County; Texas","46293","10854",
"1400000US48201533701","Census Tract 5337.01; Harris County; Texas","51207","4117",
"1400000US48201533702","Census Tract 5337.02; Harris County; Texas","54840","21793",
"1400000US48201533802","Census Tract 5338.02; Harris County; Texas","71128","15349",
"1400000US48201533803","Census Tract 5338.03; Harris County; Texas","64209","39529",
"1400000US48201533804","Census Tract 5338.04; Harris County; Texas","91601","27071",
"1400000US48201533902","Census Tract 5339.02; Harris County; Texas","32020","10512",
"1400000US48201533903","Census Tract 5339.03; Harris County; Texas","73625","30477",
"1400000US48201533904","Census Tract 5339.04; Harris County; Texas","50430","14534",
"1400000US48201534001","Census Tract 5340.01; Harris County; Texas","68889","21132",
"1400000US48201534002","Census Tract 5340.02; Harris County; Texas","55481","16608",
"1400000US48201534003","Census Tract 5340.03; Harris County; Texas","69661","33542",
"1400000US48201534101","Census Tract 5341.01; Harris County; Texas","95994","40129",
"1400000US48201534102","Census Tract 5341.02; Harris County; Texas","100333","34853",
"1400000US48201534201","Census Tract 5342.01; Harris County; Texas","69457","11410",
"1400000US48201534203","Census Tract 5342.03; Harris County; Texas","60461","12995",
"1400000US48201534204","Census Tract 5342.04; Harris County; Texas","72234","17273",
"1400000US48201534205","Census Tract 5342.05; Harris County; Texas","86750","10395",
"1400000US48201540101","Census Tract 5401.01; Harris County; Texas","239125","52145",
"1400000US48201540102","Census Tract 5401.02; Harris County; Texas","71924","24334",
"1400000US48201540200","Census Tract 5402; Harris County; Texas","57045","20203",
"1400000US48201540502","Census Tract 5405.02; Harris County; Texas","96141","6658",
"1400000US48201540503","Census Tract 5405.03; Harris County; Texas","60318","11158",
"1400000US48201540504","Census Tract 5405.04; Harris County; Texas","55045","14032",
"1400000US48201540601","Census Tract 5406.01; Harris County; Texas","91406","20048",
"1400000US48201540602","Census Tract 5406.02; Harris County; Texas","94141","41626",
"1400000US48201540700","Census Tract 5407; Harris County; Texas","67156","25979",
"1400000US48201540800","Census Tract 5408; Harris County; Texas","66179","7424",
"1400000US48201540901","Census Tract 5409.01; Harris County; Texas","96316","45125",
"1400000US48201540903","Census Tract 5409.03; Harris County; Texas","63325","12637",
"1400000US48201540904","Census Tract 5409.04; Harris County; Texas","95553","15669",
"1400000US48201541004","Census Tract 5410.04; Harris County; Texas","76413","12168",
"1400000US48201541005","Census Tract 5410.05; Harris County; Texas","78116","22788",
"1400000US48201541006","Census Tract 5410.06; Harris County; Texas","104512","18839",
"1400000US48201541007","Census Tract 5410.07; Harris County; Texas","127321","21974",
"1400000US48201541008","Census Tract 5410.08; Harris County; Texas","139393","23187",
"1400000US48201541009","Census Tract 5410.09; Harris County; Texas","106029","18327",
"1400000US48201541100","Census Tract 5411; Harris County; Texas","83321","20042",
"1400000US48201541203","Census Tract 5412.03; Harris County; Texas","112098","10836",
"1400000US48201541204","Census Tract 5412.04; Harris County; Texas","86160","3255",
"1400000US48201541205","Census Tract 5412.05; Harris County; Texas","96223","45471",
"1400000US48201541206","Census Tract 5412.06; Harris County; Texas","111477","17369",
"1400000US48201541207","Census Tract 5412.07; Harris County; Texas","170938","24527",
"1400000US48201541301","Census Tract 5413.01; Harris County; Texas","87109","28452",
"1400000US48201541302","Census Tract 5413.02; Harris County; Texas","76314","13277",
"1400000US48201541401","Census Tract 5414.01; Harris County; Texas","81122","24604",
"1400000US48201541402","Census Tract 5414.02; Harris County; Texas","70298","7190",
"1400000US48201541403","Census Tract 5414.03; Harris County; Texas","52255","31802",
"1400000US48201541404","Census Tract 5414.04; Harris County; Texas","79421","17451",
"1400000US48201541500","Census Tract 5415; Harris County; Texas","97824","19046",
"1400000US48201541603","Census Tract 5416.03; Harris County; Texas","52350","21468",
"1400000US48201541604","Census Tract 5416.04; Harris County; Texas","110368","11119",
"1400000US48201541701","Census Tract 5417.01; Harris County; Texas","94661","29848",
"1400000US48201541702","Census Tract 5417.02; Harris County; Texas","64765","14525",
"1400000US48201541703","Census Tract 5417.03; Harris County; Texas","76677","3588",
"1400000US48201541801","Census Tract 5418.01; Harris County; Texas","71294","21144",
"1400000US48201541802","Census Tract 5418.02; Harris County; Texas","61139","7503",
"1400000US48201541901","Census Tract 5419.01; Harris County; Texas","81125","27530",
"1400000US48201541902","Census Tract 5419.02; Harris County; Texas","102899","25286",
"1400000US48201542001","Census Tract 5420.01; Harris County; Texas","88035","7907",
"1400000US48201542002","Census Tract 5420.02; Harris County; Texas","140093","29486",
"1400000US48201542003","Census Tract 5420.03; Harris County; Texas","92004","15425",
"1400000US48201542004","Census Tract 5420.04; Harris County; Texas","81719","15260",
"1400000US48201542103","Census Tract 5421.03; Harris County; Texas","93578","2050",
"1400000US48201542104","Census Tract 5421.04; Harris County; Texas","87566","24362",
"1400000US48201542105","Census Tract 5421.05; Harris County; Texas","102706","29374",
"1400000US48201542106","Census Tract 5421.06; Harris County; Texas","87451","10458",
"1400000US48201542107","Census Tract 5421.07; Harris County; Texas","90175","25576",
"1400000US48201542108","Census Tract 5421.08; Harris County; Texas","67125","34053",
"1400000US48201542201","Census Tract 5422.01; Harris County; Texas","87004","34218",
"1400000US48201542202","Census Tract 5422.02; Harris County; Texas","76866","15393",
"1400000US48201542203","Census Tract 5422.03; Harris County; Texas","91030","24256",
"1400000US48201542302","Census Tract 5423.02; Harris County; Texas","83406","11060",
"1400000US48201542303","Census Tract 5423.03; Harris County; Texas","117593","20451",
"1400000US48201542304","Census Tract 5423.04; Harris County; Texas","84679","21135",
"1400000US48201542305","Census Tract 5423.05; Harris County; Texas","87338","21317",
"1400000US48201542401","Census Tract 5424.01; Harris County; Texas","49947","6575",
"1400000US48201542402","Census Tract 5424.02; Harris County; Texas","81355","17577",
"1400000US48201542500","Census Tract 5425; Harris County; Texas","67258","17471",
"1400000US48201542600","Census Tract 5426; Harris County; Texas","100461","20079",
"1400000US48201542700","Census Tract 5427; Harris County; Texas","82321","17251",
"1400000US48201542800","Census Tract 5428; Harris County; Texas","83201","17390",
"1400000US48201542901","Census Tract 5429.01; Harris County; Texas","118148","9833",
"1400000US48201542902","Census Tract 5429.02; Harris County; Texas","132015","7782",
"1400000US48201543004","Census Tract 5430.04; Harris County; Texas","196654","32768",
"1400000US48201543005","Census Tract 5430.05; Harris County; Texas","112123","11864",
"1400000US48201543006","Census Tract 5430.06; Harris County; Texas","145722","16511",
"1400000US48201543007","Census Tract 5430.07; Harris County; Texas","173796","26234",
"1400000US48201543008","Census Tract 5430.08; Harris County; Texas","93657","35730",
"1400000US48201543009","Census Tract 5430.09; Harris County; Texas","75724","22576",
"1400000US48201543010","Census Tract 5430.10; Harris County; Texas","81671","28318",
"1400000US48201543011","Census Tract 5430.11; Harris County; Texas","100188","53886",
"1400000US48201543100","Census Tract 5431; Harris County; Texas","112981","19855",
"1400000US48201543201","Census Tract 5432.01; Harris County; Texas","80159","13804",
"1400000US48201543202","Census Tract 5432.02; Harris County; Texas","73839","10545",
"1400000US48201550101","Census Tract 5501.01; Harris County; Texas","26842","8765",
"1400000US48201550102","Census Tract 5501.02; Harris County; Texas","45634","25420",
"1400000US48201550201","Census Tract 5502.01; Harris County; Texas","35625","15778",
"1400000US48201550202","Census Tract 5502.02; Harris County; Texas","21576","9649",
"1400000US48201550303","Census Tract 5503.03; Harris County; Texas","38340","2916",
"1400000US48201550304","Census Tract 5503.04; Harris County; Texas","26174","15724",
"1400000US48201550305","Census Tract 5503.05; Harris County; Texas","75732","18434",
"1400000US48201550306","Census Tract 5503.06; Harris County; Texas","70560","29514",
"1400000US48201550307","Census Tract 5503.07; Harris County; Texas","45972","12670",
"1400000US48201550308","Census Tract 5503.08; Harris County; Texas","36393","4725",
"1400000US48201550403","Census Tract 5504.03; Harris County; Texas","13491","10397",
"1400000US48201550404","Census Tract 5504.04; Harris County; Texas","90863","9674",
"1400000US48201550405","Census Tract 5504.05; Harris County; Texas","51005","4407",
"1400000US48201550406","Census Tract 5504.06; Harris County; Texas","41080","6846",
"1400000US48201550407","Census Tract 5504.07; Harris County; Texas","81477","21857",
"1400000US48201550500","Census Tract 5505; Harris County; Texas","58533","11292",
"1400000US48201550601","Census Tract 5506.01; Harris County; Texas","70445","12643",
"1400000US48201550602","Census Tract 5506.02; Harris County; Texas","69375","31057",
"1400000US48201550603","Census Tract 5506.03; Harris County; Texas","69919","8862",
"1400000US48201550700","Census Tract 5507; Harris County; Texas","105333","52393",
"1400000US48201550800","Census Tract 5508; Harris County; Texas","70326","13483",
"1400000US48201550901","Census Tract 5509.01; Harris County; Texas","76438","30498",
"1400000US48201550902","Census Tract 5509.02; Harris County; Texas","91157","17073",
"1400000US48201551000","Census Tract 5510; Harris County; Texas","52514","7396",
"1400000US48201551101","Census Tract 5511.01; Harris County; Texas","-","**",
"1400000US48201551102","Census Tract 5511.02; Harris County; Texas","87565","22727",
"1400000US48201551201","Census Tract 5512.01; Harris County; Texas","54877","20053",
"1400000US48201551202","Census Tract 5512.02; Harris County; Texas","89265","34683",
"1400000US48201551300","Census Tract 5513; Harris County; Texas","138299","22460",
"1400000US48201551400","Census Tract 5514; Harris County; Texas","82500","24575",
"1400000US48201551501","Census Tract 5515.01; Harris County; Texas","70223","22165",
"1400000US48201551502","Census Tract 5515.02; Harris County; Texas","66534","38486",
"1400000US48201551601","Census Tract 5516.01; Harris County; Texas","68002","9897",
"1400000US48201551602","Census Tract 5516.02; Harris County; Texas","54507","13582",
"1400000US48201551702","Census Tract 5517.02; Harris County; Texas","120509","34860",
"1400000US48201551703","Census Tract 5517.03; Harris County; Texas","81757","19740",
"1400000US48201551704","Census Tract 5517.04; Harris County; Texas","116417","52088",
"1400000US48201551705","Census Tract 5517.05; Harris County; Texas","117615","21897",
"1400000US48201551800","Census Tract 5518; Harris County; Texas","103387","25156",
"1400000US48201551901","Census Tract 5519.01; Harris County; Texas","73713","18867",
"1400000US48201551902","Census Tract 5519.02; Harris County; Texas","55333","14780",
"1400000US48201552002","Census Tract 5520.02; Harris County; Texas","67250","18110",
"1400000US48201552003","Census Tract 5520.03; Harris County; Texas","92610","19089",
"1400000US48201552004","Census Tract 5520.04; Harris County; Texas","54811","23307",
"1400000US48201552101","Census Tract 5521.01; Harris County; Texas","81678","31724",
"1400000US48201552102","Census Tract 5521.02; Harris County; Texas","79773","62729",
"1400000US48201552103","Census Tract 5521.03; Harris County; Texas","81354","29086",
"1400000US48201552200","Census Tract 5522; Harris County; Texas","88155","13014",
"1400000US48201552301","Census Tract 5523.01; Harris County; Texas","77016","15908",
"1400000US48201552303","Census Tract 5523.03; Harris County; Texas","63724","7785",
"1400000US48201552304","Census Tract 5523.04; Harris County; Texas","91350","25504",
"1400000US48201552401","Census Tract 5524.01; Harris County; Texas","54375","25520",
"1400000US48201552402","Census Tract 5524.02; Harris County; Texas","109813","31946",
"1400000US48201552501","Census Tract 5525.01; Harris County; Texas","49431","23097",
"1400000US48201552502","Census Tract 5525.02; Harris County; Texas","94063","20008",
"1400000US48201552602","Census Tract 5526.02; Harris County; Texas","68064","15345",
"1400000US48201552603","Census Tract 5526.03; Harris County; Texas","51952","8490",
"1400000US48201552604","Census Tract 5526.04; Harris County; Texas","92869","45568",
"1400000US48201552701","Census Tract 5527.01; Harris County; Texas","65875","16560",
"1400000US48201552702","Census Tract 5527.02; Harris County; Texas","62810","7777",
"1400000US48201552801","Census Tract 5528.01; Harris County; Texas","89744","21396",
"1400000US48201552802","Census Tract 5528.02; Harris County; Texas","103073","36639",
"1400000US48201552901","Census Tract 5529.01; Harris County; Texas","65574","15371",
"1400000US48201552902","Census Tract 5529.02; Harris County; Texas","90000","25149",
"1400000US48201553001","Census Tract 5530.01; Harris County; Texas","89772","39004",
"1400000US48201553002","Census Tract 5530.02; Harris County; Texas","85335","19421",
"1400000US48201553101","Census Tract 5531.01; Harris County; Texas","95049","38508",
"1400000US48201553102","Census Tract 5531.02; Harris County; Texas","81773","15943",
"1400000US48201553201","Census Tract 5532.01; Harris County; Texas","74046","19290",
"1400000US48201553202","Census Tract 5532.02; Harris County; Texas","51086","30526",
"1400000US48201553300","Census Tract 5533; Harris County; Texas","43695","6940",
"1400000US48201553401","Census Tract 5534.01; Harris County; Texas","112465","18543",
"1400000US48201553403","Census Tract 5534.03; Harris County; Texas","82903","15803",
"1400000US48201553404","Census Tract 5534.04; Harris County; Texas","147868","6779",
"1400000US48201553405","Census Tract 5534.05; Harris County; Texas","118704","12745",
"1400000US48201553500","Census Tract 5535; Harris County; Texas","103684","14765",
"1400000US48201553601","Census Tract 5536.01; Harris County; Texas","115833","9288",
"1400000US48201553602","Census Tract 5536.02; Harris County; Texas","59081","12527",
"1400000US48201553700","Census Tract 5537; Harris County; Texas","72511","7900",
"1400000US48201553801","Census Tract 5538.01; Harris County; Texas","129226","12434",
"1400000US48201553803","Census Tract 5538.03; Harris County; Texas","118500","23574",
"1400000US48201553804","Census Tract 5538.04; Harris County; Texas","69227","5569",
"1400000US48201553901","Census Tract 5539.01; Harris County; Texas","135581","34169",
"1400000US48201554001","Census Tract 5540.01; Harris County; Texas","76563","17387",
"1400000US48201554002","Census Tract 5540.02; Harris County; Texas","185224","24638",
"1400000US48201554103","Census Tract 5541.03; Harris County; Texas","105958","21651",
"1400000US48201554104","Census Tract 5541.04; Harris County; Texas","126094","35710",
"1400000US48201554201","Census Tract 5542.01; Harris County; Texas","83429","10329",
"1400000US48201554202","Census Tract 5542.02; Harris County; Texas","79896","35013",
"1400000US48201554301","Census Tract 5543.01; Harris County; Texas","124347","20718",
"1400000US48201554302","Census Tract 5543.02; Harris County; Texas","143099","25064",
"1400000US48201554404","Census Tract 5544.04; Harris County; Texas","189167","18406",
"1400000US48201554405","Census Tract 5544.05; Harris County; Texas","146359","44587",
"1400000US48201554406","Census Tract 5544.06; Harris County; Texas","124500","12824",
"1400000US48201554407","Census Tract 5544.07; Harris County; Texas","114223","23051",
"1400000US48201554408","Census Tract 5544.08; Harris County; Texas","111601","17225",
"1400000US48201554409","Census Tract 5544.09; Harris County; Texas","151082","15083",
"1400000US48201554410","Census Tract 5544.10; Harris County; Texas","102424","31025",
"1400000US48201554501","Census Tract 5545.01; Harris County; Texas","150250","23811",
"1400000US48201554502","Census Tract 5545.02; Harris County; Texas","151694","42979",
"1400000US48201554600","Census Tract 5546; Harris County; Texas","142781","18013",
"1400000US48201554701","Census Tract 5547.01; Harris County; Texas","87215","14780",
"1400000US48201554702","Census Tract 5547.02; Harris County; Texas","124167","42701",
"1400000US48201554803","Census Tract 5548.03; Harris County; Texas","142257","51998",
"1400000US48201554804","Census Tract 5548.04; Harris County; Texas","137115","59356",
"1400000US48201554805","Census Tract 5548.05; Harris County; Texas","101542","16621",
"1400000US48201554806","Census Tract 5548.06; Harris County; Texas","116006","31119",
"1400000US48201554807","Census Tract 5548.07; Harris County; Texas","105436","12309",
"1400000US48201554808","Census Tract 5548.08; Harris County; Texas","147338","21445",
"1400000US48201554809","Census Tract 5548.09; Harris County; Texas","92083","40469",
"1400000US48201554902","Census Tract 5549.02; Harris County; Texas","111741","49419",
"1400000US48201554904","Census Tract 5549.04; Harris County; Texas","115211","45306",
"1400000US48201554905","Census Tract 5549.05; Harris County; Texas","129497","44910",
"1400000US48201554906","Census Tract 5549.06; Harris County; Texas","92700","12733",
"1400000US48201554907","Census Tract 5549.07; Harris County; Texas","88157","14822",
"1400000US48201554908","Census Tract 5549.08; Harris County; Texas","118409","20953",
"1400000US48201555001","Census Tract 5550.01; Harris County; Texas","134444","35822",
"1400000US48201555002","Census Tract 5550.02; Harris County; Texas","93409","19109",
"1400000US48201555101","Census Tract 5551.01; Harris County; Texas","79000","19138",
"1400000US48201555102","Census Tract 5551.02; Harris County; Texas","89318","41482",
"1400000US48201555200","Census Tract 5552; Harris County; Texas","101702","27721",
"1400000US48201555301","Census Tract 5553.01; Harris County; Texas","138208","30635",
"1400000US48201555303","Census Tract 5553.03; Harris County; Texas","140579","23037",
"1400000US48201555304","Census Tract 5553.04; Harris County; Texas","140601","44827",
"1400000US48201555305","Census Tract 5553.05; Harris County; Texas","203088","23985",
"1400000US48201555401","Census Tract 5554.01; Harris County; Texas","153981","42943",
"1400000US48201555403","Census Tract 5554.03; Harris County; Texas","82604","34970",
"1400000US48201555404","Census Tract 5554.04; Harris County; Texas","49883","23868",
"1400000US48201555501","Census Tract 5555.01; Harris County; Texas","103764","7820",
"1400000US48201555503","Census Tract 5555.03; Harris County; Texas","141206","29272",
"1400000US48201555504","Census Tract 5555.04; Harris County; Texas","127838","47917",
"1400000US48201555505","Census Tract 5555.05; Harris County; Texas","132500","39657",
"1400000US48201555600","Census Tract 5556; Harris County; Texas","145680","2037",
"1400000US48201555701","Census Tract 5557.01; Harris County; Texas","125665","17316",
"1400000US48201555703","Census Tract 5557.03; Harris County; Texas","155971","39753",
"1400000US48201555704","Census Tract 5557.04; Harris County; Texas","165000","29666",
"1400000US48201556000","Census Tract 5560; Harris County; Texas","114077","10616",
"1400000US48201556100","Census Tract 5561; Harris County; Texas","147292","18157",
"1400000US48201980000","Census Tract 9800; Harris County; Texas","-","**",
"1400000US48201980100","Census Tract 9801; Harris County; Texas","-","**",
"1400000US48201980200","Census Tract 9802; Harris County; Texas","84514","44996",
"1400000US48201980300","Census Tract 9803; Harris County; Texas","-","**",
"1400000US48201980400","Census Tract 9804; Harris County; Texas","-","**",
"1400000US48201980700","Census Tract 9807; Harris County; Texas","90972","60069",
